epoch,steps,cosine_pearson,cosine_spearman,euclidean_pearson,euclidean_spearman,manhattan_pearson,manhattan_spearman,dot_pearson,dot_spearman
0,-1,0.7838845931979309,0.7799428546036389,0.7818773125789186,0.7805597849180707,0.7827162035507327,0.7817174127473703,0.7633837093245252,0.7581845605978054
1,-1,0.8040357463312848,0.8011567023608903,0.7989597744573486,0.7999829043866676,0.7995852681804964,0.8007532027863042,0.7886788215124978,0.7852124388723508
2,-1,0.8035246847654701,0.8025931704595999,0.7995371842332681,0.8009876968982724,0.8000940092263282,0.8015667576189328,0.7870473334508813,0.7850223042077866
3,-1,0.8076606921919124,0.8055922288060187,0.8021167446141753,0.8038608163327602,0.8025596607942475,0.8043814709583225,0.7902997772041164,0.7878107011498827
